{
  "genomicCoords": [
    [
      15631745, 
      17199449
    ], 
    [
      18758709, 
      19299178
    ], 
    [
      26267778, 
      29074920
    ], 
    [
      29887912, 
      30313132
    ], 
    [
      30459536, 
      31223019
    ], 
    [
      31713222, 
      32460744
    ], 
    [
      32470163, 
      32979187
    ], 
    [
      32995992, 
      34500940
    ], 
    [
      34745541, 
      34979186
    ], 
    [
      35293903, 
      37485819
    ], 
    [
      37512780, 
      39500080
    ], 
    [
      39541099, 
      39707433
    ], 
    [
      39877072, 
      40814076
    ], 
    [
      40889288, 
      41088787
    ], 
    [
      41514988, 
      42506659
    ], 
    [
      42654744, 
      43539527
    ], 
    [
      43564487, 
      45034346
    ], 
    [
      45229101, 
      45398105
    ], 
    [
      45533452, 
      45725384
    ], 
    [
      46311878, 
      47301125
    ], 
    [
      47563448, 
      47574107
    ]
  ], 
  "xyzPositions": [
    [
      69.187316999999993, 
      12.285520999999999, 
      -39.687683
    ], 
    [
      47.785172000000003, 
      19.293056, 
      -25.296402
    ], 
    [
      26.364521, 
      35.458022999999997, 
      -25.542835
    ], 
    [
      11.883739, 
      27.271750999999998, 
      -31.423940999999999
    ], 
    [
      5.484, 
      20.905611, 
      -33.167164
    ], 
    [
      -3.4659439999999999, 
      10.701430999999999, 
      -33.782513000000002
    ], 
    [
      -5.8965009999999998, 
      6.4036379999999999, 
      -33.692757
    ], 
    [
      -8.7383059999999997, 
      -2.3463829999999999, 
      -33.402110999999998
    ], 
    [
      -11.044674000000001, 
      -16.285748000000002, 
      -33.302768999999998
    ], 
    [
      -11.606999999999999, 
      -31.631336000000001, 
      -32.161732000000001
    ], 
    [
      -6.2343760000000001, 
      -41.359527999999997, 
      -25.749851
    ], 
    [
      0.10820299999999999, 
      -41.510764999999999, 
      -19.569901999999999
    ], 
    [
      12.411936000000001, 
      -38.309562999999997, 
      -8.036403
    ], 
    [
      22.35416, 
      -34.053825000000003, 
      -1.1595690000000001
    ], 
    [
      30.809764999999999, 
      -26.060711000000001, 
      8.7558749999999996
    ], 
    [
      -2.5823659999999999, 
      -34.430363, 
      28.604869999999998
    ], 
    [
      -21.528687999999999, 
      -37.681792999999999, 
      40.907108000000001
    ], 
    [
      -31.728463999999999, 
      -35.012993000000002, 
      53.420226999999997
    ], 
    [
      -38.297218000000001, 
      -34.120628000000004, 
      56.606518000000001
    ], 
    [
      -52.993800999999998, 
      -34.941916999999997, 
      50.811832000000003
    ], 
    [
      -63.664428999999998, 
      -35.404110000000003, 
      47.451092000000003
    ]
  ]
}