{
  "genomicCoords": [
    [
      15631745, 
      17199449
    ], 
    [
      18758709, 
      19299178
    ], 
    [
      26267778, 
      29074920
    ], 
    [
      29887912, 
      31223019
    ], 
    [
      31713222, 
      34979186
    ], 
    [
      35293903, 
      39707433
    ], 
    [
      39877072, 
      41088787
    ], 
    [
      41514988, 
      42506659
    ], 
    [
      42654744, 
      45034346
    ], 
    [
      45229101, 
      45725384
    ]
  ], 
  "xyzPositions": [
    [
      69.187316999999993, 
      12.285520999999999, 
      -39.687683
    ], 
    [
      47.785172000000003, 
      19.293056, 
      -25.296402
    ], 
    [
      26.364521, 
      35.458022999999997, 
      -25.542835
    ], 
    [
      8.2460590000000007, 
      23.597296, 
      -32.637718
    ], 
    [
      -7.7256609999999997, 
      1.5972230000000001, 
      -33.502128999999996
    ], 
    [
      -10.001776, 
      -38.630043000000001, 
      -29.811126999999999
    ], 
    [
      14.640437, 
      -37.599701000000003, 
      -5.9429629999999998
    ], 
    [
      30.809764999999999, 
      -26.060711000000001, 
      8.7558749999999996
    ], 
    [
      -16.451176, 
      -37.427588999999998, 
      36.638427999999998
    ], 
    [
      -35.640549, 
      -34.216934000000002, 
      56.108898000000003
    ]
  ]
}